
  [
    {
     "name": "Aimee",
     "inoffice": false
    },
    {
     "name": "Amit",
     "inoffice": false
    },
    {
     "name": "Andrew",
     "inoffice": true
    },
    {
     "name": "Ben",
     "inoffice": true
    },
    {
     "name": "Elizabeth",
     "inoffice": true
    },
    {
     "name": "Guil",
     "inoffice": false
    },
    {
     "name": "Hampton",
     "inoffice": true
    },
    {
     "name": "Jason",
     "inoffice": true
    },
    {
     "name": "Lainie",
     "inoffice": true
    },
    {
     "name": "Kenneth",
     "inoffice": false
    }, 
    {
     "name": "Pasan",
     "inoffice": true
    },
    {
     "name": "Shawna",
     "inoffice": true
    },
    {
     "name": "Zac",
     "inoffice": false
    }
  ]
